solution_name,.cluster
Decreased Transit Time,4
First Expired First Out,5
Intelligent Routing,4
Reduced Warehouse Handling,2
Temperature Monitoring (pallet Transport),5
Active & Intelligent Packaging,5
Manufacturing Byproduct Utilization (upcycling),4
Manufacturing Line Optimization,5
Buyer Specification Expansion,5
Gleaning,2
Imperfect & Surplus Produce Channels,4
Partial Order Acceptance,2
Assisted Distressed Sales,5
Decreased Minimum Order Quantity,2
Dynamic Pricing,5
Enhanced Demand Planning,4
Increased Delivery Frequency,2
Markdown Alert Applications,4
Minimized On Hand Inventory,2
Temperature Monitoring (foodservice),2
Waste Tracking (foodservice),4
Buffet Signage,2
Consumer Education Campaigns,3
K-12 Education Campaigns,2
K-12 Lunch Improvements,2
Meal Kits,3
Package Design,5
Portion Sizes,3
Small Plates,2
Standardized Date Labels,5
Trayless,2
Centralized Anaerobic Digestion,2
Centralized Composting,1
Community Composting,2
Livestock Feed,2
Donation Coordination & Matching,2
Donation Education,5
Donation Storage Handling & Capacity,2
Donation Transportation,5
Donation Value-added Processing,2
